address,lat_long,gmaps_tag
"Bekasi, Bekasi","(-6.2849775, 106.970127)","Kota Bks, Jawa Barat"
"Setu, Bekasi","(-6.358777, 107.0348331)","Kec. Setu, Kabupaten Bekasi, Jawa Barat"
"Harapan Indah, Bekasi","(-6.1817523, 106.9736839)","Harapan Indah, RT.005/RW.010, Medan Satria, Kecamatan Medan Satria, Kota Bks, Jawa Barat"
"Bekasi Kota, Bekasi","(-6.2845395, 106.973377)","Bekasi, Kota Bks, Jawa Barat"
"Cibitung, Bekasi","(-6.243801, 107.1036725)","Kec. Cibitung, Kabupaten Bekasi, Jawa Barat"
"Mustikajaya, Bekasi","(-6.292665, 107.0274099)","Mustika Jaya, Kec. Mustika Jaya, Kota Bks, Jawa Barat"
"Jatisampurna, Bekasi","(-6.363929, 106.9250756)","Kec. Jatisampurna, Kota Bks, Jawa Barat"
"Jatiwarna, Bekasi","(-6.30538, 106.9294595)","Jatiwarna, Kec. Pd. Melati, Kota Bks, Jawa Barat"
"Pondok Gede, Bekasi","(-6.2717463, 106.930825)","Kec. Pd. Gede, Kota Bks, Jawa Barat"
"Jaka Setia, Bekasi","(-6.2650605, 106.9740988)","Jaka Setia, Kec. Bekasi Sel., Kota Bks, Jawa Barat"
"Jati Asih, Bekasi","(-6.3102779, 106.9565924)","Kec. Jatiasih, Kota Bks, Jawa Barat"
"Grand Wisata, Bekasi","(-6.2831904, 107.045462)","Jl. Grand Wisata, Lambangjaya, Kec. Tambun Sel., Kabupaten Bekasi, Jawa Barat 17510"
"Jatibening, Bekasi","(-6.2607598, 106.9489954)","Jatibening, Kec. Pd. Gede, Kota Bks, Jawa Barat"
"Bekasi Utara, Bekasi","(-6.2054536, 107.006438)","Kec. Bekasi Utara, Kota Bks, Jawa Barat"
"Rawalumbu, Bekasi","(-6.280399, 106.9945355)","Kec. Rawalumbu, Kota Bks, Jawa Barat"
"Tambun Selatan, Bekasi","(-6.2521334, 107.0535555)","Kec. Tambun Sel., Kabupaten Bekasi, Jawa Barat"
"Harapan Baru, Bekasi","(-6.2155785, 107.0165589)","Harapan Baru, Kec. Bekasi Utara, Kota Bks, Jawa Barat"
"Pondokmelati, Bekasi","(-6.310185, 106.9254604)","Kec. Pd. Melati, Kota Bks, Jawa Barat"
"Babelan, Bekasi","(-6.1263046, 107.0217935)","Kec. Babelan, Kabupaten Bekasi, Jawa Barat"
"Kemang Pratama, Bekasi","(-6.2719831, 106.9872978)","Jl. Kemang Pratama Raya, Kota Bks, Jawa Barat"
"Jatiraden, Bekasi","(-6.354041, 106.9243855)","Jatiraden, Kec. Jatisampurna, Kota Bks, Jawa Barat"
"Bekasi Timur, Bekasi","(-6.242993, 107.0180104)","Kec. Bekasi Tim., Kota Bks, Jawa Barat"
"Jatiwaringin, Bekasi","(-6.2763919, 106.917945)","Jatiwaringin, Kec. Pd. Gede, Kota Bks, Jawa Barat"
"Tarumajaya, Bekasi","(-6.12097, 107.0004485)","Kec. Tarumajaya, Kabupaten Bekasi, Jawa Barat"
"Cikarang Selatan, Bekasi","(-6.3328146, 107.1247334)","Cikarang Sel., Kabupaten Bekasi, Jawa Barat"
"Kebalen, Bekasi","(-6.18942, 107.0379879)","Kebalen, Kec. Babelan, Kabupaten Bekasi, Jawa Barat"
"Kayuringin Jaya, Bekasi","(-6.2386895, 106.9847315)","Kayuringin Jaya, Kec. Bekasi Sel., Kota Bks, Jawa Barat"
"Bintara, Bekasi","(-6.227202, 106.9584634)","Bintara, Kec. Bekasi Bar., Kota Bks, Jawa Barat"
"Jatirangga, Bekasi","(-6.363249, 106.9403936)","Jatirangga, Kec. Jatisampurna, Kota Bks, Jawa Barat"
"Cikarang, Bekasi","(-6.315046, 107.1542629)","Cikarang, Kabupaten Bekasi, Jawa Barat"
"Jati Mekar, Bekasi","(-6.295393, 106.948639)","Jatimekar, Kec. Jatiasih, Kota Bks, Jawa Barat"
"Jati Sari, Bekasi","(-6.3372254, 106.949501)","Jatisari, Kec. Jatiasih, Kota Bks, Jawa Barat"
"Pejuang, Bekasi","(-6.1852574, 106.9879915)","Pejuang, Kecamatan Medan Satria, Kota Bks, Jawa Barat"
"Tanah Tinggi, Bekasi","(-6.1675557, 107.0039392)","Jl. Tanah Tinggi, Setia Asih, Kec. Tarumajaya, Kabupaten Bekasi, Jawa Barat 17215"
"Jaka Sampurna, Bekasi","(-6.243724, 106.965328)","Jakasampurna, Kec. Bekasi Bar., Kota Bks, Jawa Barat"
"Bekasi Barat, Bekasi","(-6.231754, 106.9629205)","Kec. Bekasi Bar., Kota Bks, Jawa Barat"
"Tambun Utara, Bekasi","(-6.1996851, 107.0622475)","Kec. Tambun Utara, Kabupaten Bekasi, Jawa Barat"
"Kaliabang, Bekasi","(-6.189063, 107.002482)","Kaliabang Tengah, Kec. Bekasi Utara, Kota Bks, Jawa Barat"
"Mustikasari, Bekasi","(-6.2912516, 107.0077795)","Mustikasari, Kec. Mustika Jaya, Kota Bks, Jawa Barat"
"Cimuning, Bekasi","(-6.3225674, 107.0232889)","Cimuning, Kec. Mustika Jaya, Kota Bks, Jawa Barat"
"Caman, Bekasi","(-6.2573002, 106.9468458)","Jl. Caman Raya, Kota Bks, Jawa Barat"
"Cikunir, Bekasi","(-6.2744002, 106.9620321)","Jl. Cikunir Raya, Kota Bks, Jawa Barat"
"Satriajaya, Bekasi","(-6.211545, 107.05022)","Satriajaya, Kec. Tambun Utara, Kabupaten Bekasi, Jawa Barat"
"Pondok Ungu, Bekasi","(-6.1800099, 107.0054386)","Jl. Raya Pd. Ungu Permai, Kota Bks, Jawa Barat"
"Pekayon, Bekasi","(-6.259046, 106.9825249)","Pekayon Jaya, Kec. Bekasi Sel., Kota Bks, Jawa Barat"
"Harapan Mulya, Bekasi","(-6.2273535, 106.9901524)","Harapan Mulya, Kecamatan Medan Satria, Kota Bks, Jawa Barat"
"Harapan Jaya, Bekasi","(-6.2083839, 106.990291)","Harapan Jaya, Kec. Bekasi Utara, Kota Bks, Jawa Barat"
"Perwira, Bekasi","(-6.208456, 107.009289)","Perwira, Kec. Bekasi Utara, Kota Bks, Jawa Barat"
"Jatikramat, Bekasi","(-6.2780509, 106.946889)","Jatikramat, Kec. Jatiasih, Kota Bks, Jawa Barat"
"Jatimurni, Bekasi","(-6.327651, 106.930195)","Jatimurni, Kec. Pd. Melati, Kota Bks, Jawa Barat"
"Jatimelati, Bekasi","(-6.315665, 106.931219)","Jatimelati, Kec. Pd. Melati, Kota Bks, Jawa Barat"
"Karang Satria, Bekasi","(-6.22255, 107.041882)","Karangsatria, Kec. Tambun Utara, Kabupaten Bekasi, Jawa Barat"
"Kranji, Bekasi","(-6.2281985, 106.9760771)","Kranji, Kec. Bekasi Bar., Kota Bks, Jawa Barat"
"Margahayu, Bekasi","(-6.2510934, 107.0118029)","Margahayu, Kec. Bekasi Tim., Kota Bks, Jawa Barat"
"Serang Baru, Bekasi","(-6.3954375, 107.1176339)","Kec. Serang Baru, Kabupaten Bekasi, Jawa Barat"
"Duren Jaya, Bekasi","(-6.2377114, 107.0238565)","Duren Jaya, Kec. Bekasi Tim., Kota Bks, Jawa Barat"
"Jati Luhur, Bekasi","(-6.3195624, 106.95125)","Jatiluhur, Kec. Jatiasih, Kota Bks, Jawa Barat"
"Jababeka, Bekasi","(-6.2890467, 107.1349794)","Jl. Jababeka Raya, Kabupaten Bekasi, Jawa Barat 17530"
"Jatiranggon, Bekasi","(-6.3393255, 106.9292124)","Jatiranggon, Kec. Jatisampurna, Kota Bks, Jawa Barat"
"Narogong, Bekasi","(-6.3288325, 106.9814162)","Jl. Raya Narogong, Kota Bks, Jawa Barat"
"Bantar Gebang, Bekasi","(-6.336217, 106.9921284)","Kec. Bantar Gebang, Kota Bks, Jawa Barat"
"Jatimakmur, Bekasi","(-6.2824174, 106.929647)","Jatimakmur, Kec. Pd. Gede, Kota Bks, Jawa Barat"
"Jati Cempaka, Bekasi","(-6.2606564, 106.9157185)","Jaticempaka, Kec. Pd. Gede, Kota Bks, Jawa Barat"
"Pedurenan, Bekasi","(-6.3165035, 107.005596)","Padurenan, Kec. Mustika Jaya, Kota Bks, Jawa Barat"
"Medan Satria, Bekasi","(-6.2036815, 106.982591)","Kecamatan Medan Satria, Kota Bks, Jawa Barat"
"Pasirmulya, Bogor","(-6.5986811, 106.7744874)","Pasirmulya, Kec. Bogor Bar., Kota Bogor, Jawa Barat"
"Cilendek Timur, Bogor","(-6.569745, 106.7772769)","Cilendek Tim., Kec. Bogor Bar., Kota Bogor, Jawa Barat"
"Sentul City, Bogor","(-6.5183495, 106.8512789)","Sentul, Kec. Babakan Madang, Kabupaten Bogor, Jawa Barat"
"Cileungsi, Bogor","(-6.39754, 106.96505)","Cileungsi, Kec. Cileungsi, Kabupaten Bogor, Jawa Barat"
"Kemang, Bogor","(-6.5075365, 106.7295099)","Kemang, Kec. Kemang, Kabupaten Bogor, Jawa Barat"
"Ciomas, Bogor","(-6.6068275, 106.763125)","Kec. Ciomas, Kabupaten Bogor, Jawa Barat"
"Gunung Sindur, Bogor","(-6.387334, 106.6872949)","Kec. Gn. Sindur, Kabupaten Bogor, Jawa Barat"
"Bojong Gede, Bogor","(-6.4769375, 106.7880935)","Kecamatan Bojonggede, Kabupaten Bogor, Jawa Barat"
"Kedung Halang, Bogor","(-6.5502955, 106.8097115)","Kedunghalang, Kec. Bogor Utara, Kota Bogor, Jawa Barat"
"Tapos, Bogor","(-6.40158, 106.49494)","Tapos, Kec. Tenjo, Kabupaten Bogor, Jawa Barat"
"Cibinong, Bogor","(-6.4824535, 106.8367054)","Cibinong, Kec. Cibinong, Kabupaten Bogor, Jawa Barat"
"Sentul, Bogor","(-6.5183495, 106.8512789)","Sentul, Kec. Babakan Madang, Kabupaten Bogor, Jawa Barat"
"Sukaraja, Bogor","(-6.577853, 106.8507965)","Kec. Sukaraja, Kabupaten Bogor, Jawa Barat"
"Tanah Sareal, Bogor","(-6.5726115, 106.8011015)","Tanah Sareal, Kec. Tanah Sereal, Kota Bogor, Jawa Barat"
"Ciparigi, Bogor","(-6.5463115, 106.8168031)","Ciparigi, Kec. Bogor Utara, Kota Bogor, Jawa Barat"
"Mulyaharja, Bogor","(-6.6387205, 106.7861494)","Mulyaharja, Kec. Bogor Sel., Kota Bogor, Jawa Barat"
"Katulampa, Bogor","(-6.6154285, 106.8298214)","Katulampa, Kec. Bogor Tim., Kota Bogor, Jawa Barat"
"Bogor Barat, Bogor","(-6.5766335, 106.765742)","Kec. Bogor Bar., Kota Bogor, Jawa Barat"
"Gunung Putri, Bogor","(-6.3882496, 106.9273915)","Kec. Gn. Putri, Kabupaten Bogor, Jawa Barat"
"Cilendek Barat, Bogor","(-6.5700495, 106.766599)","Cilendek Bar., Kec. Bogor Bar., Kota Bogor, Jawa Barat"
"Tamansari, Bogor","(-6.6655435, 106.748246)","Kec. Tamansari, Kabupaten Bogor, Jawa Barat"
"Kota Wisata, Bogor","(-6.381012, 106.9620255)","Jl. Kota Wisata, Kabupaten Bogor, Jawa Barat"
"Bojongsari, Bogor","(-6.399214, 106.7410278)","Bojongsari, Parung, Kec. Parung, Kabupaten Bogor, Jawa Barat"
"Curug, Bogor","(-6.544858, 106.7683245)","Curug, Kec. Bogor Bar., Kota Bogor, Jawa Barat"
"Babakan Madang, Bogor","(-6.5721445, 106.907121)","Kec. Babakan Madang, Kabupaten Bogor, Jawa Barat"
"Bojong, Bogor","(-6.4769375, 106.7880935)","Kecamatan Bojonggede, Kabupaten Bogor, Jawa Barat"
"Cimahpar, Bogor","(-6.5850174, 106.8298865)","Cimahpar, Kec. Bogor Utara, Kota Bogor, Jawa Barat"
"Tanah Baru, Bogor","(-6.5768245, 106.820994)","Tanah Baru, Kec. Bogor Utara, Kota Bogor, Jawa Barat"
"Tegallega, Bogor","(-6.597951, 106.810346)","Tegallega, Kecamatan Bogor Tengah, Kota Bogor, Jawa Barat"
"Parung Panjang, Bogor","(-6.3731789, 106.55458)","Kec. Parung Panjang, Kabupaten Bogor, Jawa Barat"
"Cikeas, Bogor","(-6.4014935, 106.9279365)","Cikeas Udik, Kec. Gn. Putri, Kabupaten Bogor, Jawa Barat"
"Parung, Bogor","(-6.43971, 106.7051599)","Kec. Parung, Kabupaten Bogor, Jawa Barat"
"Cilebut, Bogor","(-6.5302555, 106.7931885)","Cilebut Bar., Kec. Sukaraja, Kabupaten Bogor, Jawa Barat"
"Baranangsiang, Bogor","(-6.6097729, 106.8130539)","Baranangsiang, Kec. Bogor Tim., Kota Bogor, Jawa Barat"
"Dramaga, Bogor","(-6.5875072, 106.7319552)","Dramaga, Kec. Dramaga, Kabupaten Bogor, Jawa Barat"
"Rancamaya, Bogor","(-6.6717395, 106.8263784)","Rancamaya, Kec. Bogor Sel., Kota Bogor, Jawa Barat"
"Legenda Wisata, Bogor","(-6.4039107, 106.9452029)","Jl. Legenda Wisata, Wanaherang, Kec. Gn. Putri, Kabupaten Bogor, Jawa Barat 16965"
"Bojong Kulur, Bogor","(-6.3201426, 106.970528)","Bojong Kulur, Kec. Gn. Putri, Kabupaten Bogor, Jawa Barat"
"Tajur Halang, Bogor","(-6.4696815, 106.76102)","Tajur Halang, Kec. Tajur Halang, Kabupaten Bogor, Jawa Barat"
"Cipayung, Bogor","(-6.6466589, 106.8779849)","Cipayung Datar, Kec. Megamendung, Kabupaten Bogor, Jawa Barat"
"Ciluar, Bogor","(-6.5633564, 106.8296675)","Ciluar, Kec. Bogor Utara, Kota Bogor, Jawa Barat"
"Megamendung, Bogor","(-6.67582, 106.9219299)","Kec. Megamendung, Kabupaten Bogor, Jawa Barat"
"Limusnunggal, Bogor","(-6.3725429, 106.969223)","Limus Nunggal, Kec. Cileungsi, Kabupaten Bogor, Jawa Barat"
"Cijeruk, Bogor","(-6.681057, 106.791227)","Cijeruk, Kec. Cijeruk, Kabupaten Bogor, Jawa Barat"
"Citeureup, Bogor","(-6.5209289, 106.896069)","Kec. Citeureup, Kabupaten Bogor, Jawa Barat"
"Ciapus, Bogor","(-6.5994249, 106.748736)","Ciapus, Kec. Ciomas, Kabupaten Bogor, Jawa Barat"
"Tajur, Bogor","(-6.629732, 106.824916)","Tajur, Kec. Bogor Tim., Kota Bogor, Jawa Barat"
"Pasir Kuda, Bogor","(-6.6069484, 106.783503)","Pasirkuda, Kec. Bogor Bar., Kota Bogor, Jawa Barat"
"Ciawi, Bogor","(-6.658375, 106.8506135)","Ciawi, Kec. Ciawi, Kabupaten Bogor, Jawa Barat"
"Karang Tengah, Bogor","(-6.6002199, 106.93231)","Karang Tengah, Kec. Babakan Madang, Kabupaten Bogor, Jawa Barat"
"Bukit Sentul, Bogor","(-6.5815392, 106.8571083)","Jl. Bukit Sentul, Kec. Babakan Madang, Kabupaten Bogor, Jawa Barat 16810"
"Sindang Barang, Bogor","(-6.5757455, 106.7608894)","Sindangbarang, Kec. Bogor Bar., Kota Bogor, Jawa Barat"
"Citaringgul, Bogor","(-6.5682695, 106.8546795)","Citaringgul, Kec. Babakan Madang, Kabupaten Bogor, Jawa Barat"
"Bantar Jati, Bogor","(-6.5766146, 106.8058735)","Bantarjati, Kec. Bogor Utara, Kota Bogor, Jawa Barat"
"Cilendek, Bogor","(-6.5700495, 106.766599)","Cilendek Bar., Kec. Bogor Bar., Kota Bogor, Jawa Barat"
"Pasirlaja, Bogor","(-6.5501679, 106.836927)","Pasirlaya, Kec. Sukaraja, Kabupaten Bogor, Jawa Barat"
"Semplak, Bogor","(-6.5446135, 106.7498216)","Semplak Bar., Kec. Kemang, Kabupaten Bogor, Jawa Barat"
"Cibuluh, Bogor","(-6.560325, 106.8151974)","Cibuluh, Kec. Bogor Utara, Kota Bogor, Jawa Barat"
"Kedungwaringin, Bogor","(-6.5667204, 106.781873)","Kedung Waringin, Kec. Tanah Sereal, Kota Bogor, Jawa Barat"
"Kedungbadak, Bogor","(-6.5624554, 106.7991119)","Kedungbadak, Kec. Tanah Sereal, Kota Bogor, Jawa Barat"
"Sukamaju, Bogor","(-6.451025, 107.048305)","Sukamaju, Kec. Jonggol, Kabupaten Bogor, Jawa Barat"
"Sukatani, Bogor","(-6.6087049, 106.8405749)","Sukatani, Kec. Sukaraja, Kabupaten Bogor, Jawa Barat"
"Sempur, Bogor","(-6.58616, 106.7984435)","Sempur, Kecamatan Bogor Tengah, Kota Bogor, Jawa Barat"
"Pamoyanan, Bogor","(-6.640898, 106.8034651)","Pamoyanan, Kec. Bogor Sel., Kota Bogor, Jawa Barat"
"Pabaton, Bogor","(-6.5889641, 106.794137)","Pabaton, Kecamatan Bogor Tengah, Kota Bogor, Jawa Barat"
"Ciseeng, Bogor","(-6.459164, 106.682845)","Kec. Ciseeng, Kabupaten Bogor, Jawa Barat"
"Jonggol, Bogor","(-6.50635, 107.055555)","Kec. Jonggol, Kabupaten Bogor, Jawa Barat"
"Ciampea, Bogor","(-6.5738261, 106.7016842)","Ciampea, Kec. Ciampea, Kabupaten Bogor, Jawa Barat"
"Laladon, Bogor","(-6.583321, 106.75488)","Laladon, Kec. Ciomas, Kabupaten Bogor, Jawa Barat"
"Rangga Mekar, Bogor","(-6.624411, 106.802212)","Ranggamekar, Kec. Bogor Sel., Kota Bogor, Jawa Barat"
"Tegal Gundi, Bogor","(-6.5809899, 106.8144301)","Tegal Gundil, Kec. Bogor Utara, Kota Bogor, Jawa Barat"
"Batutulis, Bogor","(-6.6219274, 106.8088855)","Batutulis, Kec. Bogor Sel., Kota Bogor, Jawa Barat"
"Ciangsana, Bogor","(-6.3567365, 106.9572416)","Ciangsana, Kec. Gn. Putri, Kabupaten Bogor, Jawa Barat"
"Puncak, Bogor","(-6.7028187, 106.9990215)","Puncak, Bogor, "
"Cisarua, Bogor","(-6.6854146, 106.9373056)","Cisarua, Kec. Cisarua, Kabupaten Bogor, Jawa Barat"
"Cimangu, Bogor","(-6.5669486, 106.7941563)","Jl. Cimanggu Barata, Kec. Tanah Sereal, Kota Bogor, Jawa Barat"
"Kranggan, Bogor","(-6.4586765, 106.8865725)","Karanggan, Kec. Gn. Putri, Kabupaten Bogor, Jawa Barat"
"Cikaret, Bogor","(-6.6180945, 106.7883196)","Cikaret, Kec. Bogor Sel., Kota Bogor, Jawa Barat"
"Tenjo, Bogor","(-6.372885, 106.4868765)","Kec. Tenjo, Kabupaten Bogor, Jawa Barat"
"Gadog, Bogor","(-6.6622971, 106.8715785)","Gadog, Kec. Megamendung, Kabupaten Bogor, Jawa Barat"
"Rumpin, Bogor","(-6.4566396, 106.6402451)","Kec. Rumpin, Kabupaten Bogor, Jawa Barat"
"Pancoran Mas, Depok","(-6.399113, 106.7999535)","Kec. Pancoran Mas, Kota Depok, Jawa Barat"
"Kelapa Dua, Depok","(-6.3637317, 106.8430567)","Jl. Klp. Dua Raya, Kota Depok, Jawa Barat"
"Cimanggis, Depok","(-6.367494, 106.874766)","Kec. Cimanggis, Kota Depok, Jawa Barat"
"Cinangka, Depok","(-6.3703875, 106.7606085)","Cinangka, Kec. Sawangan, Kota Depok, Jawa Barat"
"Bojong Sari, Depok","(-6.3994989, 106.7358134)","Kec. Bojongsari, Kota Depok, Jawa Barat"
"Cilodong, Depok","(-6.4281714, 106.8368844)","Kec. Cilodong, Kota Depok, Jawa Barat"
"Limo, Depok","(-6.3663035, 106.7796109)","Kec. Limo, Kota Depok, Jawa Barat"
"Tapos, Depok","(-6.4213209, 106.885539)","Kec. Tapos, Kota Depok, Jawa Barat"
"Sukmajaya, Depok","(-6.3977255, 106.8427795)","Kec. Sukmajaya, Kota Depok, Jawa Barat"
"Rangkapanjaya, Depok","(-6.3992555, 106.7888555)","Rangkapan Jaya, Kec. Pancoran Mas, Kota Depok, Jawa Barat"
"Cinere, Depok","(-6.332401, 106.7907829)","Kec. Cinere, Kota Depok, Jawa Barat"
"Pangkalan Jati, Depok","(-6.3212495, 106.7884925)","Pangkalan Jati, Kec. Cinere, Kota Depok, Jawa Barat"
"Sawangan, Depok","(-6.397933, 106.7679611)","Kec. Sawangan, Kota Depok, Jawa Barat"
"Sukatani, Depok","(-6.3942805, 106.888672)","Sukatani, Kec. Tapos, Kota Depok, Jawa Barat"
"Cipayung, Depok","(-6.4325705, 106.8031284)","Kec. Cipayung, Kota Depok, Jawa Barat"
"Beji, Depok","(-6.3723065, 106.818092)","Kecamatan Beji, Kota Depok, Jawa Barat"
"Harjamukti, Depok","(-6.3749655, 106.8971395)","Harjamukti, Kec. Cimanggis, Kota Depok, Jawa Barat"
"Margonda, Depok","(-6.3792957, 106.8309995)","Jl. Margonda Raya, Kota Depok, Jawa Barat"
"Depok II, Depok","(-6.8948278, 109.7716914)","Depok II, Depok, Kec. Kandeman, Kabupaten Batang, Jawa Tengah"
"Krukut, Depok","(-6.3590135, 106.7902014)","Krukut, Kec. Limo, Kota Depok, Jawa Barat"
"Tanah Baru, Depok","(-6.3767379, 106.8025235)","Tanah Baru, Kecamatan Beji, Kota Depok, Jawa Barat"
"Kukusan, Depok","(-6.3654336, 106.8190899)","Kukusan, Kecamatan Beji, Kota Depok, Jawa Barat"
"Cisalak, Depok","(-6.386641, 106.8618735)","Cisalak, Kec. Sukmajaya, Kota Depok, Jawa Barat"
"Cilangkap, Depok","(-6.4302145, 106.87035)","Cilangkap, Kec. Tapos, Kota Depok, Jawa Barat"
"Tirtajaya, Depok","(-6.4133935, 106.8282605)","Tirtajaya, Kec. Sukmajaya, Kota Depok, Jawa Barat"
"Gandul, Depok","(-6.337565, 106.7914685)","Gandul, Kec. Cinere, Kota Depok, Jawa Barat"
"Jelambar, Jakarta Barat","(-6.15966, 106.786205)","Jelambar, Kec. Grogol petamburan, Kota Jakarta Barat, Daerah Khusus Ibukota Jakarta"
"Jagakarsa, Jakarta Selatan","(-6.3304165, 106.8254635)","Kec. Jagakarsa, Kota Jakarta Selatan, Daerah Khusus Ibukota Jakarta"
"Bintaro, Jakarta Selatan","(-6.270389, 106.76168)","Bintaro, Kec. Pesanggrahan, Kota Jakarta Selatan, Daerah Khusus Ibukota Jakarta"
"Kebagusan, Jakarta Selatan","(-6.3092895, 106.831021)","Kebagusan, Kec. Ps. Minggu, Kota Jakarta Selatan, Daerah Khusus Ibukota Jakarta"
"Pantai Indah Kapuk, Jakarta Utara","(-6.1024783, 106.7411903)","Jl. Pantai Indah Kapuk, Kota Jkt Utara, Daerah Khusus Ibukota Jakarta"
"Green Ville, Jakarta Barat","(-6.1679095, 106.7712942)","Jl. Komp. Green Ville, Duri Kepa, Kec. Kb. Jeruk, Kota Jakarta Barat, Daerah Khusus Ibukota Jakarta 11510"
"Puri Indah, Jakarta Barat","(-6.1866383, 106.7425049)","Jl. Puri Indah Raya, Kembangan Sel., Kec. Kembangan, Kota Jakarta Barat, Daerah Khusus Ibukota Jakarta 11610"
"Kembangan, Jakarta Barat","(-6.1911406, 106.741305)","Kec. Kembangan, Kota Jakarta Barat, Daerah Khusus Ibukota Jakarta"
"Permata Hijau, Jakarta Selatan","(-6.2223439, 106.7862716)","Jl. Permata Hijau, Grogol Utara, Kec. Kby. Lama, Kota Jakarta Selatan, Daerah Khusus Ibukota Jakarta 12210"
"Meruya, Jakarta Barat","(-6.206715, 106.7328054)","Meruya Sel., Kec. Kembangan, Kota Jakarta Barat, Daerah Khusus Ibukota Jakarta"
"Utan Kayu, Jakarta Timur","(-6.19623, 106.8678199)","Utan Kayu Utara, Kec. Matraman, Kota Jakarta Timur, Daerah Khusus Ibukota Jakarta"
"Green Lake City, Jakarta Barat","(-6.1852561, 106.703769)","Jl. Green Lake City Boulevard, Kec. Kb. Jeruk, Kota Jakarta Barat, Daerah Khusus Ibukota Jakarta"
"Kalibata, Jakarta Selatan","(-6.2652874, 106.8391414)","Kalibata, Kec. Pancoran, Kota Jakarta Selatan, Daerah Khusus Ibukota Jakarta"
"Cakung, Jakarta Timur","(-6.185467, 106.9361121)","Kec. Cakung, Kota Jakarta Timur, Daerah Khusus Ibukota Jakarta"
"Cipete, Jakarta Selatan","(-6.2725851, 106.8055434)","Cipete Sel., Kec. Cilandak, Kota Jakarta Selatan, Daerah Khusus Ibukota Jakarta"
"Kebayoran Baru, Jakarta Selatan","(-6.243219, 106.8013404)","Kec. Kby. Baru, Kota Jakarta Selatan, Daerah Khusus Ibukota Jakarta"
"Kemang, Jakarta Selatan","(-6.2777833, 106.8114224)","Kemang, Cipete Sel., Kec. Cilandak, Kota Jakarta Selatan, Daerah Khusus Ibukota Jakarta"
"Cinere, Jakarta Selatan","(-6.332401, 106.7907829)","Kec. Cinere, Kota Depok, Jawa Barat"
"Cempaka Putih, Jakarta Pusat","(-6.181269, 106.8670735)","Kec. Cemp. Putih, Kota Jakarta Pusat, Daerah Khusus Ibukota Jakarta"
"Ampera, Jakarta Selatan","(-6.2836594, 106.819175)","Jl. Ampera Raya, Kec. Ps. Minggu, Kota Jakarta Selatan, Daerah Khusus Ibukota Jakarta"
"Jati Padang, Jakarta Selatan","(-6.2890659, 106.8308155)","Jati Padang, Kec. Ps. Minggu, Kota Jakarta Selatan, Daerah Khusus Ibukota Jakarta"
"Pos Pengumben, Jakarta Barat","(-6.2167348, 106.7685998)","Jl. Raya Pos Pengumben, Kota Jakarta Barat, Daerah Khusus Ibukota Jakarta"
"Palmerah, Jakarta Barat","(-6.1909945, 106.7963735)","Kec. Palmerah, Kota Jakarta Barat, Daerah Khusus Ibukota Jakarta"
"Tanjung Duren, Jakarta Barat","(-6.175165, 106.784565)","Tj. Duren Utara, Kec. Grogol petamburan, Kota Jakarta Barat, Daerah Khusus Ibukota Jakarta"
"Taman Grisenda, Jakarta Utara","(-6.1324614, 106.75678)","Jl. Perumahan Taman Grisenda, RW.3, Kapuk Muara, Kec. Penjaringan, Kota Jkt Utara, Daerah Khusus Ibukota Jakarta 14460"
"Menteng, Jakarta Pusat","(-6.195169, 106.838157)","Kec. Menteng, Kota Jakarta Pusat, Daerah Khusus Ibukota Jakarta"
"Rawamangun, Jakarta Timur","(-6.195829, 106.8821799)","Rawamangun, Kec. Pulo Gadung, Kota Jakarta Timur, Daerah Khusus Ibukota Jakarta"
"Kelapa Gading, Jakarta Utara","(-6.1596905, 106.9005624)","Kec. Klp. Gading, Kota Jkt Utara, Daerah Khusus Ibukota Jakarta"
"Cipinang, Jakarta Timur","(-6.2080499, 106.891185)","Cipinang, Kec. Pulo Gadung, Kota Jakarta Timur, Daerah Khusus Ibukota Jakarta"
"Angke, Jakarta Barat","(-6.145732, 106.795015)","Angke, Kec. Tambora, Kota Jakarta Barat, Daerah Khusus Ibukota Jakarta"
"Gandaria, Jakarta Selatan","(-6.2714749, 106.7914251)","Gandaria Sel., Kec. Cilandak, Kota Jakarta Selatan, Daerah Khusus Ibukota Jakarta"
"Pulo Gadung, Jakarta Timur","(-6.1907914, 106.8916284)","Kec. Pulo Gadung, Kota Jakarta Timur, Daerah Khusus Ibukota Jakarta"
"Tamansari, Jakarta Barat","(-6.1461656, 106.8193746)","Kec. Taman Sari, Kota Jakarta Barat, Daerah Khusus Ibukota Jakarta"
"Kebon Jeruk, Jakarta Barat","(-6.1915515, 106.765627)","Kec. Kb. Jeruk, Kota Jakarta Barat, Daerah Khusus Ibukota Jakarta"
"Muara Karang, Jakarta Utara","(-6.116632, 106.7795128)","Jl. Muara Karang Raya, Pluit, Kec. Penjaringan, Kota Jkt Utara, Daerah Khusus Ibukota Jakarta 14450"
"Jatinegara, Jakarta Timur","(-6.229275, 106.8762175)","Kecamatan Jatinegara, Kota Jakarta Timur, Daerah Khusus Ibukota Jakarta"
"Pasar Rebo, Jakarta Timur","(-6.3249584, 106.855766)","Kec. Ps. Rebo, Kota Jakarta Timur, Daerah Khusus Ibukota Jakarta"
"Senopati, Jakarta Selatan","(-6.2302533, 106.8067454)","Jl. Senopati, Kec. Kby. Baru, Kota Jakarta Selatan, Daerah Khusus Ibukota Jakarta"
"Matraman, Jakarta Timur","(-6.20383, 106.8620266)","Kec. Matraman, Kota Jakarta Timur, Daerah Khusus Ibukota Jakarta"
"Kemayoran, Jakarta Pusat","(-6.1627705, 106.859259)","Kec. Kemayoran, Kota Jakarta Pusat, Daerah Khusus Ibukota Jakarta"
"Cikini, Jakarta Pusat","(-6.1920605, 106.839242)","Cikini, Kec. Menteng, Kota Jakarta Pusat, Daerah Khusus Ibukota Jakarta"
"Mampang Prapatan, Jakarta Selatan","(-6.2502848, 106.8220155)","Kec. Mampang Prpt., Kota Jakarta Selatan, Daerah Khusus Ibukota Jakarta"
"Pasar Minggu, Jakarta Selatan","(-6.2898155, 106.8390761)","Ps. Minggu, Kec. Ps. Minggu, Kota Jakarta Selatan, Daerah Khusus Ibukota Jakarta"
"Pejaten, Jakarta Selatan","(-6.2726549, 106.833565)","Pejaten Bar., Kec. Ps. Minggu, Kota Jakarta Selatan, Daerah Khusus Ibukota Jakarta"
"Ciganjur, Jakarta Selatan","(-6.33345, 106.810658)","Ciganjur, Kec. Jagakarsa, Kota Jakarta Selatan, Daerah Khusus Ibukota Jakarta"
"Lebak Bulus, Jakarta Selatan","(-6.3026685, 106.7784585)","Lb. Bulus, Kec. Cilandak, Kota Jakarta Selatan, Daerah Khusus Ibukota Jakarta"
"Jatiwaringin, Jakarta Timur","(-6.2650644, 106.9112047)","Jl. Raya Jatiwaringin, Kota Jakarta Timur, Daerah Khusus Ibukota Jakarta"
"Cilandak, Jakarta Selatan","(-6.2898024, 106.7903519)","Kec. Cilandak, Kota Jakarta Selatan, Daerah Khusus Ibukota Jakarta"
"Kota Bambu Utara, Jakarta Barat","(-6.1843594, 106.8024272)","Kota Bambu Utara, Kec. Palmerah, Kota Jakarta Barat, Daerah Khusus Ibukota Jakarta 11420"
"Pluit, Jakarta Utara","(-6.1096059, 106.7846671)","Pluit, Kec. Penjaringan, Kota Jkt Utara, Daerah Khusus Ibukota Jakarta"
"Senen, Jakarta Pusat","(-6.184885, 106.8454394)","Kec. Senen, Kota Jakarta Pusat, Daerah Khusus Ibukota Jakarta"
"Pasar Baru, Jakarta Pusat","(-6.16634, 106.8339056)","Ps. Baru, Kecamatan Sawah Besar, Kota Jakarta Pusat, Daerah Khusus Ibukota Jakarta"
"Tomang, Jakarta Barat","(-6.1728249, 106.7966555)","Tomang, Kec. Grogol petamburan, Kota Jakarta Barat, Daerah Khusus Ibukota Jakarta"
"Cibubur, Jakarta Timur","(-6.3552216, 106.8821299)","Cibubur, Kec. Ciracas, Kota Jakarta Timur, Daerah Khusus Ibukota Jakarta"
"Duren Sawit, Jakarta Timur","(-6.234365, 106.91659)","Duren Sawit, Kec. Duren Sawit, Kota Jakarta Timur, Daerah Khusus Ibukota Jakarta"
"Kembangan Selatan, Jakarta Barat","(-6.184619, 106.737505)","Kembangan Sel., Kec. Kembangan, Kota Jakarta Barat, Daerah Khusus Ibukota Jakarta"
"Duri Kepa, Jakarta Barat","(-6.1762949, 106.774785)","Duri Kepa, Kec. Kb. Jeruk, Kota Jakarta Barat, Daerah Khusus Ibukota Jakarta"
"Metro permata, Jakarta Barat","(-6.2020905, 106.7138787)","Jl. Komp. Metro Permata, Karang Mulya, Kec. Karang Tengah, Kota Tangerang, Banten 15157"
"Citra Garden, Jakarta Barat","(-6.1424765, 106.7308695)","Citra Garden City, Kota Jakarta Barat, Daerah Khusus Ibukota Jakarta"
"Tanjung Priok, Jakarta Utara","(-6.127665, 106.8706644)","Kec. Tj. Priok, Kota Jkt Utara, Daerah Khusus Ibukota Jakarta"
"Sumur Batu, Jakarta Pusat","(-6.1629089, 106.872291)","Sumur Batu, Kec. Kemayoran, Kota Jakarta Pusat, Daerah Khusus Ibukota Jakarta"
"Slipi, Jakarta Barat","(-6.1953579, 106.8018875)","Slipi, Kec. Palmerah, Kota Jakarta Barat, Daerah Khusus Ibukota Jakarta"
"Kalideres, Jakarta Barat","(-6.1361466, 106.7088995)","Kec. Kalideres, Kota Jakarta Barat, Daerah Khusus Ibukota Jakarta"
"Pondok Kelapa, Jakarta Timur","(-6.2406884, 106.9331535)","Pd. Klp., Kec. Duren Sawit, Kota Jakarta Timur, Daerah Khusus Ibukota Jakarta"
"Pondok Bambu, Jakarta Timur","(-6.235135, 106.9004)","Pd. Bambu, Kec. Duren Sawit, Kota Jakarta Timur, Daerah Khusus Ibukota Jakarta"
"Taman Palem, Jakarta Barat","(-6.2072993, 106.7266424)","Jl. Taman Palem Raya, Meruya Sel., Kec. Kembangan, Kota Jakarta Barat, Daerah Khusus Ibukota Jakarta 11650"
"Kebayoran Lama, Jakarta Selatan","(-6.249321, 106.7803815)","Kec. Kby. Lama, Kota Jakarta Selatan, Daerah Khusus Ibukota Jakarta"
"Bendungan Hilir, Jakarta Pusat","(-6.208804, 106.8087699)","Bend. Hilir, Kecamatan Tanah Abang, Kota Jakarta Pusat, Daerah Khusus Ibukota Jakarta"
"Cawang, Jakarta Timur","(-6.25092, 106.8672909)","Cawang, Kec. Kramat jati, Kota Jakarta Timur, Daerah Khusus Ibukota Jakarta"
"Duri Kosambi, Jakarta Barat","(-6.1715045, 106.7144051)","Duri Kosambi, Kecamatan Cengkareng, Kota Jakarta Barat, Daerah Khusus Ibukota Jakarta"
"Koja, Jakarta Utara","(-6.1204935, 106.9062345)","Kec. Koja, Kota Jkt Utara, Daerah Khusus Ibukota Jakarta"
"Lubang Buaya, Jakarta Timur","(-6.2948271, 106.905165)","Lubang Buaya, Kec. Cipayung, Kota Jakarta Timur, Daerah Khusus Ibukota Jakarta"
"Gatot Subroto, Jakarta Selatan","(-6.2258572, 106.8170539)","Jl. Gatot Subroto, Kota Jakarta Selatan, Daerah Khusus Ibukota Jakarta"
"Ciracas, Jakarta Timur","(-6.3289265, 106.878975)","Kec. Ciracas, Kota Jakarta Timur, Daerah Khusus Ibukota Jakarta"
"Taman Ratu, Jakarta Barat","(-6.172144, 106.7675632)","Jl. Taman Ratu Raya, Kec. Kb. Jeruk, Kota Jakarta Barat, Daerah Khusus Ibukota Jakarta 11520"
"patra kuningan, Jakarta Selatan","(-6.2352699, 106.8332422)","Jl. Patra Kuningan Raya, RW.4, Kuningan Tim., Kecamatan Setiabudi, Kota Jakarta Selatan, Daerah Khusus Ibukota Jakarta 12950"
"Antasari, Jakarta Selatan","(-6.2761938, 106.8083653)","Jl. Pangeran Antasari, Kota Jakarta Selatan, Daerah Khusus Ibukota Jakarta"
"Sunrise Garden, Jakarta Barat","(-6.1691391, 106.7650135)","Sunrise Garden, Jl. Panjang, RT.15/RW.7, Kedoya Utara, Kec. Kb. Jeruk, Kota Jakarta Barat, Daerah Khusus Ibukota Jakarta 11520"
"Tanah Kusir, Jakarta Selatan","(-6.2606016, 106.7850263)","Jl. Tanah Kusir, RT.10, Kota Jakarta Selatan, Daerah Khusus Ibukota Jakarta 12240"
"Tebet, Jakarta Selatan","(-6.225523, 106.850764)","Kec. Tebet, Kota Jakarta Selatan, Daerah Khusus Ibukota Jakarta"
"Simprug, Jakarta Selatan","(-6.227613, 106.7930871)","Simprug, Jl. Simprug Golf III No.83, RT.3/RW.8, Grogol Sel., Kec. Kby. Lama, Kota Jakarta Selatan, Daerah Khusus Ibukota Jakarta 12220"
"Senayan, Jakarta Selatan","(-6.2264329, 106.808521)","Senayan, Kec. Kby. Baru, Kota Jakarta Selatan, Daerah Khusus Ibukota Jakarta"
"Mangga Besar, Jakarta Barat","(-6.14496, 106.81793)","Mangga Besar, Kec. Taman Sari, Kota Jakarta Barat, Daerah Khusus Ibukota Jakarta"
"Joglo, Jakarta Barat","(-6.2185355, 106.7388849)","Joglo, Kec. Kembangan, Kota Jakarta Barat, Daerah Khusus Ibukota Jakarta"
"Tanjung Barat, Jakarta Selatan","(-6.3070999, 106.8483669)","Tj. Bar., Kec. Jagakarsa, Kota Jakarta Selatan, Daerah Khusus Ibukota Jakarta"
"Pengadegan, Jakarta Selatan","(-6.2502299, 106.855344)","Pengadegan, Kec. Pancoran, Kota Jakarta Selatan, Daerah Khusus Ibukota Jakarta"
"Pancoran, Jakarta Selatan","(-6.2579475, 106.8436415)","Kec. Pancoran, Kota Jakarta Selatan, Daerah Khusus Ibukota Jakarta"
"Bangka, Jakarta Selatan","(-6.2640194, 106.817415)","Bangka, Kec. Mampang Prpt., Kota Jakarta Selatan, Daerah Khusus Ibukota Jakarta"
"Tambora, Jakarta Barat","(-6.1463209, 106.800685)","Kec. Tambora, Kota Jakarta Barat, Daerah Khusus Ibukota Jakarta"
"Duren Tiga, Jakarta Selatan","(-6.256225, 106.8366114)","Duren Tiga, Kec. Pancoran, Kota Jakarta Selatan, Daerah Khusus Ibukota Jakarta"
"Pulomas, Jakarta Timur","(-6.1767958, 106.8790112)","Jl. Pulomas Barat, Kayu Putih, Kec. Pulo Gadung, Kota Jakarta Timur, Daerah Khusus Ibukota Jakarta 13210"
"Grogol, Jakarta Barat","(-6.1639655, 106.7865605)","Kec. Grogol petamburan, Kota Jakarta Barat, Daerah Khusus Ibukota Jakarta"
"Sunter, Jakarta Utara","(-6.1371245, 106.863379)","Sunter Agung, Kec. Tj. Priok, Kota Jkt Utara, Daerah Khusus Ibukota Jakarta"
"Daan Mogot, Jakarta Barat","(-6.1546969, 106.7373247)","Jl. Raya Daan Mogot, Kec. Kb. Jeruk, Kota Jakarta Barat, Daerah Khusus Ibukota Jakarta"
"Kedoya Utara, Jakarta Barat","(-6.16744, 106.7613)","Kedoya Utara, Kec. Kb. Jeruk, Kota Jakarta Barat, Daerah Khusus Ibukota Jakarta"
"Menteng Atas, Jakarta Pusat","(-6.195169, 106.838157)","Kec. Menteng, Kota Jakarta Pusat, Daerah Khusus Ibukota Jakarta"
"Setiabudi, Jakarta Selatan","(-6.2217769, 106.8303889)","Kecamatan Setiabudi, Kota Jakarta Selatan, Daerah Khusus Ibukota Jakarta"
"Kramat Jati, Jakarta Timur","(-6.27475, 106.865344)","Kec. Kramat jati, Kota Jakarta Timur, Daerah Khusus Ibukota Jakarta"
"TB Simatupang, Jakarta Selatan","(-6.2965355, 106.8275431)","Jl. TB Simatupang, Kota Jakarta Selatan, Daerah Khusus Ibukota Jakarta"
"Cengkareng, Jakarta Barat","(-6.1548795, 106.7379741)","Kecamatan Cengkareng, Kota Jakarta Barat, Daerah Khusus Ibukota Jakarta"
"Kayu Putih, Jakarta Timur","(-6.1782965, 106.8848196)","Kayu Putih, Kec. Pulo Gadung, Kota Jakarta Timur, Daerah Khusus Ibukota Jakarta"
"Bojong Indah, Jakarta Barat","(-6.1611069, 106.7348295)","Jl. Bojong Indah Raya, Rw. Buaya, Kecamatan Cengkareng, Kota Jakarta Barat, Daerah Khusus Ibukota Jakarta 11740"
"Fatmawati, Jakarta Selatan","(-6.2811796, 106.7962426)","Jl. RS. Fatmawati Raya, Kota Jakarta Selatan, Daerah Khusus Ibukota Jakarta"
"Ragunan, Jakarta Selatan","(-6.2968285, 106.8212856)","Ragunan, Kec. Ps. Minggu, Kota Jakarta Selatan, Daerah Khusus Ibukota Jakarta"
"Radio Dalam, Jakarta Selatan","(-6.2564755, 106.7900169)","Jl. Radio Dalam Raya, Gandaria Utara, Kec. Kby. Baru, Kota Jakarta Selatan, Daerah Khusus Ibukota Jakarta 12140"
"Petojo, Jakarta Pusat","(-6.1653934, 106.81565)","Petojo Utara, Kecamatan Gambir, Kota Jakarta Pusat, Daerah Khusus Ibukota Jakarta"
"Green garden, Jakarta Barat","(-6.1656736, 106.7582205)","Jl. Komp. Green Garden, Kedoya Utara, Kec. Kb. Jeruk, Kota Jakarta Barat, Daerah Khusus Ibukota Jakarta 11520"
"Pinang Ranti, Jakarta Timur","(-6.288705, 106.8853651)","Pinang Ranti, Kec. Makasar, Kota Jakarta Timur, Daerah Khusus Ibukota Jakarta"
"Taman Meruya, Jakarta Barat","(-6.1935444, 106.7419278)","Taman Meruya Ilir, RW.2, Meruya Utara, Kec. Kembangan, Kota Jakarta Barat, Daerah Khusus Ibukota Jakarta 11620"
"Pinang, Tangerang","(-6.2135586, 106.6622314)","Kec. Pinang, Kota Tangerang, Banten"
"Ciledug, Tangerang","(-6.240094, 106.704859)","Kec. Ciledug, Kota Tangerang, Banten"
"Sindang Jaya, Tangerang","(-6.1677445, 106.4977165)","Kec. Sindang Jaya, Kabupaten Tangerang, Banten"
"Cisauk, Tangerang","(-6.327523, 106.6249784)","Kec. Cisauk, Kabupaten Tangerang, Banten"
"Curug, Tangerang","(-6.2368145, 106.566375)","Kec. Curug, Kabupaten Tangerang, Banten"
"Pagedangan, Tangerang","(-6.2971785, 106.6157741)","Kec. Pagedangan, Kabupaten Tangerang, Banten"
"Kelapa Dua, Tangerang","(-6.2392714, 106.61373)","Kec. Klp. Dua, Kabupaten Tangerang, Banten"
"Karawaci, Tangerang","(-6.1828701, 106.617579)","Kec. Karawaci, Kota Tangerang, Banten"
"Cikokol, Tangerang","(-6.2058045, 106.6332435)","Cikokol, Kec. Tangerang, Kota Tangerang, Banten"
"Cibodas, Tangerang","(-6.2035316, 106.6084805)","Kec. Cibodas, Kota Tangerang, Banten"
"Panongan, Tangerang","(-6.2776781, 106.52304)","Kec. Panongan, Kabupaten Tangerang, Banten"
"Cikupa, Tangerang","(-6.217129, 106.5131048)","Kec. Cikupa, Kabupaten Tangerang, Banten"
"Serua, Tangerang","(-6.31423, 106.710505)","Serua, Kec. Ciputat, Kota Tangerang Selatan, Banten"
"Lippo Karawaci, Tangerang","(-6.2294561, 106.6089754)","Lippo Karawaci, Klp. Dua, Kec. Klp. Dua, Kabupaten Tangerang, Banten"
"Cipondoh, Tangerang","(-6.1829669, 106.682727)","Kec. Cipondoh, Kota Tangerang, Banten"
"Tangerang Kota, Tangerang","(-6.1766875, 106.650034)","Tangerang, Kota Tangerang, Banten"
"Pondok Cabe, Tangerang","(-6.3508185, 106.7612094)","Pd. Cabe Udik, Kec. Pamulang, Kota Tangerang Selatan, Banten"
"Graha Raya, Tangerang","(-6.2327938, 106.6804959)","Jl. Boulevard Graha Raya, Kota Tangerang, Banten"
"Larangan, Tangerang","(-6.2382291, 106.733237)","Kec. Larangan, Kota Tangerang, Banten"
"Poris, Tangerang","(-6.1715549, 106.664045)","Poris Plawad, Kec. Cipondoh, Kota Tangerang, Banten"
"Cipadu, Tangerang","(-6.2392745, 106.7351095)","Cipadu, Kec. Larangan, Kota Tangerang, Banten"
"Batu Ceper, Tangerang","(-6.1646724, 106.6698559)","Kec. Batuceper, Kota Tangerang, Banten"
"Karang Tengah, Tangerang","(-6.2096499, 106.7087085)","Kec. Karang Tengah, Kota Tangerang, Banten"
"Rempoa, Tangerang","(-6.2892975, 106.758774)","Rempoa, Kec. Ciputat Tim., Kota Tangerang Selatan, Banten"
"Tanah Tinggi, Tangerang","(-6.1733435, 106.6516845)","Tanah Tinggi, Kec. Tangerang, Kota Tangerang, Banten"
"Pasar Kemis, Tangerang","(-6.1611551, 106.5572155)","Kec. Ps. Kemis, Kabupaten Tangerang, Banten"
"Pesanggrahan, Tangerang","(-6.254297, 106.755188)","Kec. Pesanggrahan, Kota Jakarta Selatan, Daerah Khusus Ibukota Jakarta"
"Bitung, Tangerang","(-6.232532, 106.5448721)","Betoeng, Bitung Jaya, Kec. Cikupa, Kabupaten Tangerang, Banten"
"Ciater, Tangerang","(-6.3202895, 106.692355)","Ciater, Kec. Serpong, Kota Tangerang Selatan, Banten"
"Parigi, Tangerang","(-6.274505, 106.697097)","Parigi, Kec. Pd. Aren, Kota Tangerang Selatan, Banten"
"Tigaraksa, Tangerang","(-6.259875, 106.469015)","Kec. Tigaraksa, Kabupaten Tangerang, Banten"
"Tajur, Tangerang","(-6.2371425, 106.693367)","Tajur, Kec. Ciledug, Kota Tangerang, Banten"
"Cireundeu, Tangerang","(-6.3049949, 106.41202)","Cireundeu, Kec. Solear, Kabupaten Tangerang, Banten"
"Balaraja, Tangerang","(-6.2001801, 106.4368779)","Kec. Balaraja, Kabupaten Tangerang, Banten"
"Bakti Jaya, Tangerang","(-6.3538565, 106.7092116)","Bakti Jaya, Kec. Setu, Kota Tangerang Selatan, Banten"
"Jatake, Tangerang","(-6.201491, 106.57371)","Jatake, Kec. Jatiuwung, Kota Tangerang, Banten"
"Kresek, Tangerang","(-6.148555, 106.4023145)","Kec. Kresek, Kabupaten Tangerang, Banten"
"Kreo, Tangerang","(-6.2299325, 106.739659)","Kreo, Kec. Larangan, Kota Tangerang, Banten"
"Sepatan, Tangerang","(-6.1230849, 106.5763435)","Kec. Sepatan, Kabupaten Tangerang, Banten"
"Metro Permata, Tangerang","(-6.2020905, 106.7138787)","Jl. Komp. Metro Permata, Karang Mulya, Kec. Karang Tengah, Kota Tangerang, Banten 15157"
"Cihuni, Tangerang","(-6.2601886, 106.6402949)","Cihuni, Kec. Pagedangan, Kabupaten Tangerang, Banten"
"Pondok Betung, Tangerang","(-6.2625734, 106.7494866)","Pd. Betung, Kec. Pd. Aren, Kota Tangerang Selatan, Banten"
"Jelupang, Tangerang","(-6.2658959, 106.668092)","Jelupang, Kec. Serpong Utara, Kota Tangerang Selatan, Banten"
"Rajeg, Tangerang","(-6.115513, 106.5137335)","Kec. Rajeg, Kabupaten Tangerang, Banten"
"Benda, Tangerang","(-6.1259024, 106.6651845)","Kec. Benda, Kota Tangerang, Banten"
"Cimone, Tangerang","(-6.1907014, 106.6104694)","Cimone, Kec. Karawaci, Kota Tangerang, Banten"
"Babakan, Tangerang","(-6.1908935, 106.6359705)","Babakan, Kec. Tangerang, Kota Tangerang, Banten"
"Jombang, Tangerang","(-6.2966149, 106.7046009)","Jombang, Kec. Ciputat, Kota Tangerang Selatan, Banten"
"Lengkong Kulon, Tangerang","(-6.2834535, 106.638775)","Lengkong Kulon, Kec. Pagedangan, Kabupaten Tangerang, Banten"
"Summarecon Bekasi, Bekasi","(-6.1943401, 106.6393413)",
"Cibubur, Bekasi","(-6.3551787, 106.8646203)",
"Duta Harapan, Bekasi","(-6.217795, 107.0160136)",
"Galaxy, Bekasi","(-6.2682681, 106.9702047)",
"Komsen, Bekasi","(-6.2875516, 106.9456702)",
"Golden City, Bekasi","(-6.2873333, 106.8931387)",
"Cibubur, Bogor","(-6.3551778, 106.8483112)",
"Bogor Nirwana Residence, Bogor","(-6.6404231, 106.786023)",
"Cipanas, Bogor","(-6.7213695, 106.9444128)",
"Leuwinanggung, Bogor","(-6.4102361, 106.8882494)",
"Harjamukti, Bogor","(-6.7648805, 108.5160663)",
"Taman Kencana, Bogor","(-6.5883119, 106.6552144)",
"Citayam, Depok","(-6.4440036, 106.7442652)",
"Cibubur, Depok","(-6.3605754, 106.9591808)",
"Permata Buana, Jakarta Barat","(-6.1612309, 106.5361526)",
"Pantai Mutiara, Jakarta Utara","(-6.10988, 106.7868922)",
"Puri Mansion, Jakarta Barat","(-6.1818421, 106.7217797)",
"Intercon, Jakarta Barat","(-6.1817884, 106.7086474)",
"Pondok Indah, Jakarta Selatan","(-6.1817025, 106.7086474)",
"Metland Puri, Jakarta Barat","(-6.1981251, 106.6919623)",
"Puri Media, Jakarta Barat","(-6.1845912, 106.7301751)",
"Raffles Hills, Jakarta Timur","(-6.3770385, 106.9015974)",
"Sektor 3A-Bintaro, Jakarta Selatan","(-6.2844612, 106.7018836)",
"Alam Sutera, Tangerang","(-6.2623791, 106.5220235)",
"Gading Serpong, Tangerang","(-6.2433511, 106.6174456)",
"BSD City, Tangerang","(-6.3007333, 106.586126)",
"BSD The Icon, Tangerang","(-6.3147526, 106.6454227)",
"BSD Kencana Loka, Tangerang","(-6.3132214, 106.6534347)",
"BSD Delatinos, Tangerang","(-6.3218075, 106.6720399)",
"Cikupa Citra Raya, Tangerang","(-6.2452287, 106.5037491)",
"BSD, Tangerang","(-6.3007333, 106.586126)",
"Rawakalong, Tangerang","(-6.3715057, 106.6763056)",
"BSD De Park, Tangerang","(-6.2894318, 106.6344454)",
"Gading Serpong IL Lago, Tangerang","(-6.2617616, 106.555366)",
"BSD Green Wich, Tangerang","(-6.2761896, 106.6298794)",
"BSD Giri Loka, Tangerang","(-6.2889368, 106.6761586)",
"BSD Eminent, Tangerang","(-6.2951519, 106.6310566)",
"BSD Foresta, Tangerang","(-6.2913776, 106.636332)",
"Modernland, Tangerang","(-6.1878658, 106.5186859)",
"BSD Nusaloka, Tangerang","(-6.1875153, 106.5186857)",
"Pengasinan, Tangerang","(-6.423257, 106.7373753)",
"BSD Sevilla, Tangerang","(-6.314782, 106.6853785)",
"Sutera Sitara Alam Sutera, Tangerang","(-6.2345385, 106.6495436)",
"BSD Taman Giri Loka, Tangerang","(-6.2889368, 106.6741201)",
"BSD Graha Raya, Tangerang","(-6.2596629, 106.6161246)",
"Gading Serpong Pondok Hijau Golf, Tangerang","(-6.2475416, 106.6106859)",
"Gading Serpong Andalucia, Tangerang","(-6.2655288, 106.6088126)",
"Gading Serpong The Spring, Tangerang","(-6.268021, 106.6385677)",
"Banjar Wijaya, Tangerang","(-6.1934218, 106.6537557)",
"BSD Griya Loka, Tangerang","(-6.2981157, 106.6675873)",
"BSD Telaga Golf, Tangerang","(-6.2924768, 106.6612729)",
"BSD Puspita Loka, Tangerang","(-6.2918455, 106.6727246)",
"Sutera Onix Alam Sutera, Tangerang","(-6.2342017, 106.6597069)",
"Pondok Benda, Tangerang","(-6.3427231, 106.698045)",
"BSD Residence One, Tangerang","(-6.2765101, 106.6627504)",
"BSD The Green, Tangerang","(-6.3096315, 106.667028)",
"Gading Serpong Scientia Garden, Tangerang","(-6.2606197, 106.6140258)",
"BSD Bukit Golf, Tangerang","(-6.2866417, 106.6570663)",
"BSD Duta Bintaro, Tangerang","(-6.2299498, 106.665921)",
"BSD Green Cove, Tangerang","(-6.3012729, 106.656626)",
"Duta Garden, Tangerang","(-6.1448329, 106.6802513)",
"BSD Avani, Tangerang","(-6.3219335, 106.6494651)",
"Gading Serpong L Agricola, Tangerang","(-6.2523231, 106.4879949)",
"Gading Serpong Samara Village, Tangerang","(-6.2714315, 106.6211152)",
"BSD Anggrek Loka, Tangerang","(-6.3007853, 106.6695483)",
"BSD Provance Parkland, Tangerang","(-6.2882374, 106.6658586)",
"Sudimara, Tangerang","(-6.2969629, 106.710635)",
